class_id	class_name	split	recording_key	available_clips_with_history
0	Cargo	Train	20171215a-107/112126	46
0	Cargo	Train	20171126c-52/063408	73
0	Cargo	Train	20171203-65/191824	73
0	Cargo	Train	20171202a-61/054923	67
0	Cargo	Train	20171207-79/010450	47
0	Cargo	Train	20171127-53/231436	69
0	Cargo	Train	20171209b-86/054935	40
0	Cargo	Train	20171125e-48/234924	99
0	Cargo	Train	20171110-7/7	105
0	Cargo	Train	20171201-59/080357	60
0	Cargo	Train	20171210-88/004442	106
0	Cargo	Train	20171104-1/1	90
0	Cargo	Train	20171205h-74/140834	81
0	Cargo	Train	20171210a-89/020139	75
0	Cargo	Train	20171202b-62/62	38
0	Cargo	Train	20171105a-3/3	58
0	Cargo	Train	20171207b-81/032120	102
0	Cargo	Train	20171115a-18/18	86
0	Cargo	Train	20171212c-93/101404	40
0	Cargo	Train	20171118-27/27	38
0	Cargo	Train	20171119b-29/151043	66
0	Cargo	Train	20171124c-42/134001	80
0	Cargo	Train	20171214f-105/215513	91
0	Cargo	Train	20171114a-14/14	18
0	Cargo	Train	20171213f-99/99	36
0	Cargo	Train	20171130c-58/231720	87
0	Cargo	Train	20171126b-51/044753	94
0	Cargo	Train	20171121-31/031902	203
0	Cargo	Train	20171214d-103/103	38
0	Cargo	Train	20171213e-98/231302	112
0	Cargo	Train	20171214e-104/213748	48
0	Cargo	Train	20171201a-60/111402	57
0	Cargo	Train	20171122d-38/38	38
0	Cargo	Train	20171213-95/042800	21
0	Cargo	Train	20171129c-56/075459	107
0	Cargo	Train	20171121f-34/210343	18
0	Cargo	Train	20171204b-68/201125	70
0	Cargo	Train	20171128a-54/080742	78
0	Cargo	Train	20171209c-87/140111	81
0	Cargo	Train	20171115b-19/19	67
0	Cargo	Train	20171205-69/69	35
0	Cargo	Train	20171104a-2/2	87
0	Cargo	Train	20171122b-36/075414	52
0	Cargo	Train	20171111-8/8	54
0	Cargo	Train	20171212d-94/141302	84
0	Cargo	Train	20171212a-91/003918	50
0	Cargo	Train	20171117a-24/045829	59
0	Cargo	Train	20171117d-26/225044	43
0	Cargo	Train	20171214a-101/075400	62
0	Cargo	Train	20171212b-92/040423	71
0	Cargo	Train	20171124d-43/161634	69
0	Cargo	Train	20171207a-80/013045	90
0	Cargo	Train	20171114b-15/15	36
0	Cargo	Train	20171205i-75/202122	43
0	Cargo	Train	20171111e-9/9	59
0	Cargo	Train	20171208-84/005033	72
0	Cargo	Train	20171215b-108/114505	71
0	Cargo	Train	20171205g-73/124454	86
0	Cargo	Train	20171124a-41/41	35
0	Cargo	Train	20171204-66/024305	41
0	Cargo	Train	20171202c-63/123015	23
0	Cargo	Train	20171213d-97/154210	54
0	Cargo	Train	20171204a-67/051220	40
0	Cargo	Train	20171215-106/014609	66
0	Cargo	Train	20171125b-45/45	71
0	Cargo	Train	20171117b-25/055206	74
0	Cargo	Train	20171125c-46/134833	116
0	Cargo	Train	20171114d-17/17	42
0	Cargo	Train	20171202e-64/141802	110
0	Cargo	Train	20171213g-100/234857	69
0	Cargo	Train	20171207f-83/190947	49
0	Cargo	Train	20171126a-50/035027	44
0	Cargo	Train	20171116-22/002044	70
0	Cargo	Train	20171118a-28/074918	96
0	Cargo	Train	20171206a-77/014907	72
0	Cargo	Train	20171206e-78/78	37
0	Cargo	Test	20171205f-72/114551	61
0	Cargo	Test	20171111f-10/10	57
0	Cargo	Test	20171122c-37/113017	92
0	Cargo	Test	20171207d-82/100039	44
0	Cargo	Test	20171123-39/004508	68
0	Cargo	Test	20171215d-110/110	39
0	Cargo	Test	20171213b-96/96	38
0	Cargo	Test	20171112-12/12	50
0	Cargo	Test	20171206-76/004911	98
0	Cargo	Test	20171209-85/001029	107
0	Cargo	Test	20171106-4/4	64
0	Cargo	Test	20171130-57/165031	69
0	Cargo	Test	20171214b-102/091542	87
0	Cargo	Test	20171114c-16/16	57
0	Cargo	Test	20171111g-11/11	87
0	Cargo	Test	20171121e-33/202039	68
0	Cargo	Test	20171215e-111/214529	40
0	Cargo	Val	20171205e-71/111659	54
0	Cargo	Val	20171113-13/13	68
0	Cargo	Val	20171125d-47/214505	41
0	Cargo	Val	20171215c-109/141018	132
0	Cargo	Val	20171205a-70/030344	73
0	Cargo	Val	20171210c-90/124043	73
0	Cargo	Val	20171107-5/5	40
0	Cargo	Val	20171120-30/214753	63
0	Cargo	Val	20171122a-35/060651	59
0	Cargo	Val	20171126-49/023314	49
0	Cargo	Val	20171125-44/44	39
0	Cargo	Val	20171115d-20/20	77
0	Cargo	Val	20171121c-32/111158	146
0	Cargo	Val	20171129-55/000645	69
0	Cargo	Val	20171107b-6/6	96
0	Cargo	Val	20171123c-40/135730	106
1	Tanker	Train	20171126a-153/090000	3
1	Tanker	Train	20171014-143/115751	7
1	Tanker	Train	20170608-113/234244	7
1	Tanker	Train	20180509-204/124919	8
1	Tanker	Train	20180821-230/005202	69
1	Tanker	Train	20160509-1/123109	54
1	Tanker	Train	20170412-96/114857	2
1	Tanker	Train	20170326a-88/203852	3
1	Tanker	Train	20170909-138/191109	51
1	Tanker	Train	20180206a-176/131726	25
1	Tanker	Train	20160724-27/025459	69
1	Tanker	Train	20170409-95/031833	105
1	Tanker	Train	20180413-191/212814	1
1	Tanker	Train	20180430-200/033225	49
1	Tanker	Train	20180602-212/172529	73
1	Tanker	Train	20170529-110/124845	87
1	Tanker	Train	20171015-144/090640	12
1	Tanker	Train	20170802-130/135021	10
1	Tanker	Train	20180425-199/083048	130
1	Tanker	Train	20180402-187/060415	69
1	Tanker	Train	20170327-90/112002	1
1	Tanker	Train	20171223-162/150450	98
1	Tanker	Train	20170728-129/202445	39
1	Tanker	Train	20180915-235/150156	18
1	Tanker	Train	20180418-193/004704	87
1	Tanker	Train	20160511-2/2	29
1	Tanker	Train	20160810a-30/30	5
1	Tanker	Train	20170623-117/232502	16
1	Tanker	Train	20170723a-128/192900	62
1	Tanker	Train	20180630-221/173807	5
1	Tanker	Train	20160526-6/6	33
1	Tanker	Train	20160823-31/041452	60
1	Tanker	Train	20180423-198/063301	5
1	Tanker	Train	20180316a-186/174010	16
1	Tanker	Train	20161005-41/41	7
1	Tanker	Train	20161021-43/43	4
1	Tanker	Train	20170625-118/180527	17
1	Tanker	Train	20171008-141/053342	16
1	Tanker	Train	20160703-21/21	2
1	Tanker	Train	20180604-213/122139	27
1	Tanker	Train	20160907-36/094356	92
1	Tanker	Train	20171023-145/214849	8
1	Tanker	Train	20170102-68/001752	23
1	Tanker	Train	20161218-65/134000	97
1	Tanker	Train	20161121-54/094048	11
1	Tanker	Train	20170621-116/221235	4
1	Tanker	Train	20160710a-24/24	3
1	Tanker	Train	20160515-3/020119	75
1	Tanker	Train	20160519-5/5	8
1	Tanker	Train	20171207-157/150539	69
1	Tanker	Train	20160702-20/20	19
1	Tanker	Train	20170122a-73/032130	2
1	Tanker	Train	20170203-76/002153	7
1	Tanker	Train	20160612-12/12	5
1	Tanker	Train	20160924-38/38	33
1	Tanker	Train	20160710-23/104049	73
1	Tanker	Train	20180311-182/212409	60
1	Tanker	Train	20161101a-49/49	6
1	Tanker	Train	20161022-44/030503	40
1	Tanker	Train	20170605-112/143212	83
1	Tanker	Train	20161030-47/47	3
1	Tanker	Train	20180411-189/081047	1
1	Tanker	Train	20171108-149/011449	103
1	Tanker	Train	20171216-159/160715	62
1	Tanker	Train	20180914-234/024440	3
1	Tanker	Train	20171121-151/180451	2
1	Tanker	Train	20180519-208/103407	35
1	Tanker	Train	20170403-92/044833	5
1	Tanker	Train	20180616-218/225427	9
1	Tanker	Train	20180206-175/104114	16
1	Tanker	Train	20170627-119/111336	102
1	Tanker	Train	20161128-58/005608	85
1	Tanker	Train	20160615-14/14	4
1	Tanker	Train	20170404-94/061416	2
1	Tanker	Train	20170712-125/013547	101
1	Tanker	Train	20160910-37/190037	46
1	Tanker	Train	20170421a-101/064626	38
1	Tanker	Train	20170510-105/041848	64
1	Tanker	Train	20180515-206/031557	46
1	Tanker	Train	20170509-104/105420	102
1	Tanker	Train	20160601-8/8	7
1	Tanker	Train	20170614-115/021303	85
1	Tanker	Train	20160714-25/111759	101
1	Tanker	Train	20170413-97/112445	8
1	Tanker	Train	20180710-225/065625	8
1	Tanker	Train	20171208-158/193936	80
1	Tanker	Train	20180417-192/005456	57
1	Tanker	Train	20170219-82/104435	58
1	Tanker	Train	20180119-167/055815	3
1	Tanker	Train	20180610-215/135143	60
1	Tanker	Train	20180208-177/234708	3
1	Tanker	Train	20180510-205/062026	62
1	Tanker	Train	20180411a-190/193519	49
1	Tanker	Train	20180120a-170/211000	1
1	Tanker	Train	20171110-150/231243	72
1	Tanker	Train	20170326b-89/231111	47
1	Tanker	Train	20170901-137/205515	69
1	Tanker	Train	20180221-179/020619	75
1	Tanker	Train	20161024-45/061514	48
1	Tanker	Train	20161227-67/034311	3
1	Tanker	Train	20180117-166/054518	5
1	Tanker	Train	20180725a-228/222512	69
1	Tanker	Train	20161215-64/025503	1
1	Tanker	Train	20170205-78/163939	7
1	Tanker	Train	20170818-132/060518	11
1	Tanker	Train	20170317-86/072019	55
1	Tanker	Train	20180705-224/144030	69
1	Tanker	Train	20171222-160/141803	15
1	Tanker	Train	20170511-106/050253	43
1	Tanker	Train	20160619a-18/18	12
1	Tanker	Train	20170420-99/170815	15
1	Tanker	Train	20180520-209/130618	3
1	Tanker	Train	20161009-42/42	13
1	Tanker	Train	20160619-17/173821	71
1	Tanker	Train	20180612a-217/230757	69
1	Tanker	Train	20160602-9/9	2
1	Tanker	Train	20161211-63/204245	71
1	Tanker	Train	20160808-28/203415	77
1	Tanker	Train	20161125-57/202025	1
1	Tanker	Train	20170327a-91/224310	5
1	Tanker	Train	20161027-46/145435	68
1	Tanker	Train	20170206-79/081843	5
1	Tanker	Train	20170204-77/232817	112
1	Tanker	Train	20170227-83/235904	5
1	Tanker	Train	20170630-121/210742	3
1	Tanker	Train	20170119-69/153739	7
1	Tanker	Train	20180523-210/171217	8
1	Tanker	Train	20160927-39/39	24
1	Tanker	Train	20170326-87/022836	11
1	Tanker	Train	20160613-13/13	12
1	Tanker	Train	20171222a-161/152008	4
1	Tanker	Train	20161124-56/095256	16
1	Tanker	Train	20170301-84/230755	46
1	Tanker	Train	20171029-147/012439	4
1	Tanker	Train	20160831-33/33	2
1	Tanker	Train	20180904-233/183908	2
1	Tanker	Train	20170822-133/172736	82
1	Tanker	Train	20180826-232/010604	4
1	Tanker	Train	20161113-237/174452	56
1	Tanker	Train	20180405-188/025825	13
1	Tanker	Train	20170720-127/064114	2
1	Tanker	Train	20180314a-184/171300	12
1	Tanker	Train	20180506-201/014248	73
1	Tanker	Train	20180725-227/013354	99
1	Tanker	Train	20171024-146/085126	2
1	Tanker	Train	20161101-48/48	6
1	Tanker	Train	20180314-183/155725	47
1	Tanker	Train	20180703-223/143323	91
1	Tanker	Train	20170425-102/231243	100
1	Tanker	Train	20170216-81/035911	27
1	Tanker	Train	20180710a-226/070051	2
1	Tanker	Train	20160906-35/35	2
1	Tanker	Train	20160904-34/005747	50
1	Tanker	Train	20180618-219/031247	6
1	Tanker	Train	20160516-4/134837	54
1	Tanker	Train	20170403a-93/102955	34
1	Tanker	Train	20180316-185/163653	3
1	Tanker	Train	20160604-11/171238	27
1	Tanker	Train	20180211-178/180933	95
1	Tanker	Train	20161113a-53/212239	5
1	Tanker	Test	20180226-180/033811	46
1	Tanker	Test	20170512-107/081819	27
1	Tanker	Test	20171128-155/013710	4
1	Tanker	Test	20170923-140/064301	8
1	Tanker	Test	20180203-174/232020	32
1	Tanker	Test	20170920-139/232910	29
1	Tanker	Test	20161208a-62/200744	4
1	Tanker	Test	20180422-195/171202	3
1	Tanker	Test	20180529-211/093622	29
1	Tanker	Test	20180303-181/060850	29
1	Tanker	Test	20161207-60/090131	4
1	Tanker	Test	20171013-142/115050	78
1	Tanker	Test	20161107-51/170102	31
1	Tanker	Test	20160531-7/142749	99
1	Tanker	Test	20180507-202/212341	107
1	Tanker	Test	20161110-52/005212	7
1	Tanker	Test	20170705-123/030515	71
1	Tanker	Test	20170530-111/004426	7
1	Tanker	Test	20171204-156/222708	19
1	Tanker	Test	20171126-152/025605	83
1	Tanker	Test	20161206-59/221722	11
1	Tanker	Test	20180121-171/222956	69
1	Tanker	Test	20170723-238/052014	14
1	Tanker	Test	20180130-173/054907	8
1	Tanker	Test	20180822-231/142019	78
1	Tanker	Test	20170120-70/070941	69
1	Tanker	Test	20161002-40/130331	47
1	Tanker	Test	20170122b-74/050415	42
1	Tanker	Test	20180422a-196/171529	5
1	Tanker	Test	20160714a-26/141202	68
1	Tanker	Test	20161123-55/171423	12
1	Tanker	Test	20161208-61/135535	4
1	Tanker	Test	20180120-169/125003	109
1	Tanker	Test	20180129-172/025531	73
1	Tanker	Val	20170712a-126/015656	8
1	Tanker	Val	20170704-122/145807	67
1	Tanker	Val	20180607-214/124208	1
1	Tanker	Val	20180508-203/232237	4
1	Tanker	Val	20170124-75/085359	111
1	Tanker	Val	20161106-50/50	1
1	Tanker	Val	20160602a-10/10	5
1	Tanker	Val	20170209-80/040238	7
1	Tanker	Val	20160829-32/32	6
1	Tanker	Val	20170629-120/215813	67
1	Tanker	Val	20170711a-239/191933	110
1	Tanker	Val	20170309-85/095437	2
1	Tanker	Val	20171127-154/162141	1
1	Tanker	Val	20170525-109/111532	2
1	Tanker	Val	20170828-136/215454	81
1	Tanker	Val	20170421-100/010738	73
1	Tanker	Val	20180629-220/001835	72
1	Tanker	Val	20170826-135/005931	12
1	Tanker	Val	20170419-98/021347	65
1	Tanker	Val	20180725b-229/233127	12
1	Tanker	Val	20180515a-207/224627	12
1	Tanker	Val	20160810-29/29	20
1	Tanker	Val	20160625-19/19	1
1	Tanker	Val	20180612-216/032309	69
1	Tanker	Val	20160704-22/111311	80
1	Tanker	Val	20170516-108/201729	3
1	Tanker	Val	20180927-236/173410	3
1	Tanker	Val	20180421-194/025328	138
1	Tanker	Val	20160616-15/214515	79
1	Tanker	Val	20170507-103/213103	25
1	Tanker	Val	20170824-134/194518	3
1	Tanker	Val	20160617-16/225229	100
1	Tanker	Val	20180702-222/172918	102
1	Tanker	Val	20171230a-164/195035	24
3	Tug	Train	20171129-30/011700	114
3	Tug	Train	20171106-4/144640	205
3	Tug	Train	20171128-25/052238	183
3	Tug	Train	20171116-10/065145	105
3	Tug	Train	20171207b-47/114556	146
3	Tug	Train	20171120-17/034014	145
3	Tug	Train	20171201c-34/123228	105
3	Tug	Train	20171130a-31/211648	65
3	Tug	Train	20171120a-18/054508	77
3	Tug	Train	20171231a-70/215301	108
3	Tug	Train	20171105-2/052000	228
3	Tug	Train	20171221-61/114923	47
3	Tug	Train	20171104-1/200959	126
3	Tug	Train	20171226-65/043830	82
3	Tug	Train	20171128b-27/120847	102
3	Tug	Train	20171212a-50/094549	68
3	Tug	Train	20171118-12/082934	185
3	Tug	Train	20171127-23/065148	57
3	Tug	Train	20171207a-46/052942	69
3	Tug	Train	20171118c-15/185844	79
3	Tug	Train	20171223b-63/233721	52
3	Tug	Train	20171205-44/145246	79
3	Tug	Train	20171128a-26/103033	98
3	Tug	Train	20171203-39/032822	143
3	Tug	Train	20171202a-38/145149	153
3	Tug	Train	20171217-58/020446	111
3	Tug	Train	20171215-54/005343	133
3	Tug	Train	20171106a-5/162112	124
3	Tug	Train	20171219a-60/210546	156
3	Tug	Train	20171114-8/072235	119
3	Tug	Train	20171123-21/035104	238
3	Tug	Train	20171118d-16/234607	176
3	Tug	Train	20171230a-69/163503	172
3	Tug	Train	20171204a-43/081356	153
3	Tug	Train	20171201b-33/082249	121
3	Tug	Train	20171107a-6/095309	76
3	Tug	Train	20171111-7/025236	76
3	Tug	Train	20171229a-67/195709	73
3	Tug	Train	20171201-32/024235	100
3	Tug	Train	20171121-19/101117	209
3	Tug	Train	20171127a-24/105442	349
3	Tug	Train	20171207-45/004027	64
3	Tug	Train	20171217a-59/050224	121
3	Tug	Train	20171116a-11/221717	148
3	Tug	Train	20171214a-53/184639	51
3	Tug	Train	20171215e-56/170639	51
3	Tug	Train	20171213a-52/071716	171
3	Tug	Train	20171203a-40/40	39
3	Tug	Test	20171203c-41/194116	121
3	Tug	Test	20171227a-66/110853	127
3	Tug	Test	20171128d-29/193239	45
3	Tug	Test	20171118a-13/141340	129
3	Tug	Test	20171229b-68/200347	99
3	Tug	Test	20171201d-35/125826	129
3	Tug	Test	20171202-37/071515	70
3	Tug	Test	20171213-51/065742	171
3	Tug	Test	20171204-42/034437	61
3	Tug	Test	20171118b-14/161506	161
3	Tug	Test	20171115-9/9	39
3	Tug	Val	20171215a-55/103412	66
3	Tug	Val	20171209-48/041322	113
3	Tug	Val	20171124-22/012051	125
3	Tug	Val	20171122a-20/124609	142
3	Tug	Val	20171105b-3/231504	130
3	Tug	Val	20171221a-62/144544	91
3	Tug	Val	20171201e-36/190230	131
3	Tug	Val	20171225-64/015934	112
3	Tug	Val	20171210-49/49	37
3	Tug	Val	20171128c-28/190038	65
