class_name,recording,n_unique_sources,exact_accuracy,ship_only_top1_accuracy,predicted_tanker_fraction,predicted_cargo_fraction,rejected_fraction
Cargo,cargo/20171104-1/1.wav,91,0.945054945054945,0.945054945054945,0.0,0.945054945054945,0.0
Cargo,cargo/20171104a-2/2.wav,88,0.8181818181818182,0.8181818181818182,0.13636363636363635,0.8181818181818182,0.011363636363636364
Cargo,cargo/20171106-4/4.wav,65,0.9230769230769231,0.9538461538461539,0.046153846153846156,0.9230769230769231,0.03076923076923077
Cargo,cargo/20171107-5/5.wav,41,1.0,1.0,0.0,1.0,0.0
Cargo,cargo/20171110-7/7.wav,106,0.49056603773584906,0.5377358490566038,0.330188679245283,0.49056603773584906,0.08490566037735849
Cargo,cargo/20171111-8/8.wav,55,0.9272727272727272,0.9454545454545454,0.0,0.9272727272727272,0.01818181818181818
Cargo,cargo/20171111e-9/9.wav,60,0.9666666666666667,0.9833333333333333,0.016666666666666666,0.9666666666666667,0.016666666666666666
Cargo,cargo/20171111f-10/10.wav,58,0.896551724137931,0.9137931034482759,0.0,0.896551724137931,0.0
Cargo,cargo/20171112-12/12.wav,51,0.8823529411764706,0.9215686274509803,0.0784313725490196,0.8823529411764706,0.0
Cargo,cargo/20171113-13/13.wav,69,0.7536231884057971,0.7681159420289855,0.21739130434782608,0.7536231884057971,0.028985507246376812
Cargo,cargo/20171114a-14/14.wav,76,0.8421052631578947,0.881578947368421,0.09210526315789473,0.8421052631578947,0.06578947368421052
Cargo,cargo/20171114c-16/16.wav,58,0.9827586206896551,1.0,0.0,0.9827586206896551,0.017241379310344827
Cargo,cargo/20171114d-17/17.wav,43,0.9534883720930233,0.9534883720930233,0.0,0.9534883720930233,0.0
Cargo,cargo/20171115a-18/18.wav,87,1.0,1.0,0.0,1.0,0.0
Cargo,cargo/20171115b-19/19.wav,68,0.8823529411764706,0.8970588235294118,0.058823529411764705,0.8823529411764706,0.014705882352941176
Cargo,cargo/20171116-22/002044.wav,71,0.971830985915493,0.971830985915493,0.0,0.971830985915493,0.0
Cargo,cargo/20171117a-24/045829.wav,60,0.9,0.9,0.1,0.9,0.0
Cargo,cargo/20171117b-25/055206.wav,75,0.8533333333333334,0.8666666666666667,0.08,0.8533333333333334,0.04
Cargo,cargo/20171117d-26/225044.wav,44,1.0,1.0,0.0,1.0,0.0
Cargo,cargo/20171118-27/27.wav,39,1.0,1.0,0.0,1.0,0.0
Cargo,cargo/20171118a-28/074918.wav,97,1.0,1.0,0.0,1.0,0.0
Cargo,cargo/20171119b-29/151043.wav,67,0.9552238805970149,0.9701492537313433,0.0,0.9552238805970149,0.014925373134328358
Cargo,cargo/20171121-31/031902.wav,204,0.7941176470588235,0.803921568627451,0.09803921568627451,0.7941176470588235,0.0392156862745098
Cargo,cargo/20171121e-33/202039.wav,69,0.8840579710144928,0.8840579710144928,0.11594202898550725,0.8840579710144928,0.0
Cargo,cargo/20171121f-34/210343.wav,78,0.9102564102564102,0.9102564102564102,0.08974358974358974,0.9102564102564102,0.0
Cargo,cargo/20171122a-35/060651.wav,60,0.9833333333333333,0.9833333333333333,0.0,0.9833333333333333,0.0
Cargo,cargo/20171122d-38/38.wav,39,0.8717948717948718,0.8974358974358975,0.05128205128205128,0.8717948717948718,0.05128205128205128
Cargo,cargo/20171123c-40/135730.wav,107,0.9626168224299065,0.9626168224299065,0.0,0.9626168224299065,0.0
Cargo,cargo/20171124a-41/41.wav,36,0.9722222222222222,0.9722222222222222,0.0,0.9722222222222222,0.0
Cargo,cargo/20171124c-42/134001.wav,81,1.0,1.0,0.0,1.0,0.0
Cargo,cargo/20171124d-43/161634.wav,70,0.8857142857142857,0.9285714285714286,0.02857142857142857,0.8857142857142857,0.04285714285714286
Cargo,cargo/20171125b-45/45.wav,72,0.8333333333333334,0.8333333333333334,0.16666666666666666,0.8333333333333334,0.0
Cargo,cargo/20171125c-46/134833.wav,117,0.9230769230769231,0.9401709401709402,0.042735042735042736,0.9230769230769231,0.017094017094017096
Cargo,cargo/20171125e-48/234924.wav,100,0.8,0.8,0.17,0.8,0.02
Cargo,cargo/20171126a-50/035027.wav,45,0.8888888888888888,0.8888888888888888,0.1111111111111111,0.8888888888888888,0.0
Cargo,cargo/20171126b-51/044753.wav,95,0.8526315789473684,0.8736842105263158,0.10526315789473684,0.8526315789473684,0.021052631578947368
Cargo,cargo/20171128a-54/080742.wav,79,1.0,1.0,0.0,1.0,0.0
Cargo,cargo/20171130-57/165031.wav,70,0.8571428571428571,0.8571428571428571,0.14285714285714285,0.8571428571428571,0.0
Cargo,cargo/20171201-59/080357.wav,61,0.9836065573770492,0.9836065573770492,0.0,0.9836065573770492,0.01639344262295082
Cargo,cargo/20171201a-60/111402.wav,58,0.9655172413793104,0.9655172413793104,0.0,0.9655172413793104,0.0
Cargo,cargo/20171202b-62/62.wav,39,0.8974358974358975,0.8974358974358975,0.10256410256410256,0.8974358974358975,0.0
Cargo,cargo/20171202c-63/123015.wav,72,0.9027777777777778,0.9027777777777778,0.09722222222222222,0.9027777777777778,0.0
Cargo,cargo/20171202e-64/141802.wav,111,0.990990990990991,0.990990990990991,0.0,0.990990990990991,0.0
Cargo,cargo/20171203-65/191824.wav,74,0.9864864864864865,0.9864864864864865,0.013513513513513514,0.9864864864864865,0.0
Cargo,cargo/20171204a-67/051220.wav,41,0.8292682926829268,0.8780487804878049,0.0975609756097561,0.8292682926829268,0.024390243902439025
Cargo,cargo/20171204b-68/201125.wav,71,1.0,1.0,0.0,1.0,0.0
Cargo,cargo/20171205-69/69.wav,36,1.0,1.0,0.0,1.0,0.0
Cargo,cargo/20171205a-70/030344.wav,74,1.0,1.0,0.0,1.0,0.0
Cargo,cargo/20171205e-71/111659.wav,55,0.9818181818181818,0.9818181818181818,0.01818181818181818,0.9818181818181818,0.0
Cargo,cargo/20171205g-73/124454.wav,87,0.735632183908046,0.7471264367816092,0.2413793103448276,0.735632183908046,0.022988505747126436
Cargo,cargo/20171205i-75/202122.wav,44,1.0,1.0,0.0,1.0,0.0
Cargo,cargo/20171206-76/004911.wav,99,0.9393939393939394,0.9393939393939394,0.04040404040404041,0.9393939393939394,0.0
Cargo,cargo/20171206a-77/014907.wav,73,0.4931506849315068,0.5068493150684932,0.4657534246575342,0.4931506849315068,0.0273972602739726
Cargo,cargo/20171207a-80/013045.wav,92,0.7391304347826086,0.75,0.2391304347826087,0.7391304347826086,0.010869565217391304
Cargo,cargo/20171207b-81/032120.wav,110,0.9545454545454546,0.9545454545454546,0.0,0.9545454545454546,0.0
Cargo,cargo/20171207d-82/100039.wav,45,1.0,1.0,0.0,1.0,0.0
Cargo,cargo/20171207f-83/190947.wav,50,0.8,0.82,0.18,0.8,0.02
Cargo,cargo/20171209-85/001029.wav,108,0.5925925925925926,0.6018518518518519,0.3888888888888889,0.5925925925925926,0.009259259259259259
Cargo,cargo/20171209b-86/054935.wav,41,1.0,1.0,0.0,1.0,0.0
Cargo,cargo/20171209c-87/140111.wav,82,0.9878048780487805,0.9878048780487805,0.0,0.9878048780487805,0.0
Cargo,cargo/20171210c-90/124043.wav,74,0.9459459459459459,0.9594594594594594,0.02702702702702703,0.9459459459459459,0.0
Cargo,cargo/20171212a-91/003918.wav,51,0.803921568627451,0.8235294117647058,0.1568627450980392,0.803921568627451,0.0392156862745098
Cargo,cargo/20171212c-93/101404.wav,41,1.0,1.0,0.0,1.0,0.0
Cargo,cargo/20171213b-96/96.wav,39,0.9230769230769231,0.9230769230769231,0.07692307692307693,0.9230769230769231,0.0
Cargo,cargo/20171213d-97/154210.wav,55,0.8363636363636363,0.8363636363636363,0.16363636363636364,0.8363636363636363,0.0
Cargo,cargo/20171213e-98/231302.wav,113,0.7699115044247787,0.7876106194690266,0.168141592920354,0.7699115044247787,0.02654867256637168
Cargo,cargo/20171213f-99/99.wav,37,0.972972972972973,0.972972972972973,0.0,0.972972972972973,0.02702702702702703
Cargo,cargo/20171213g-100/234857.wav,70,0.8285714285714286,0.8285714285714286,0.14285714285714285,0.8285714285714286,0.02857142857142857
Cargo,cargo/20171214a-101/075400.wav,63,1.0,1.0,0.0,1.0,0.0
Cargo,cargo/20171214b-102/091542.wav,88,0.8181818181818182,0.8181818181818182,0.1590909090909091,0.8181818181818182,0.011363636363636364
Cargo,cargo/20171214d-103/103.wav,39,0.9487179487179487,0.9487179487179487,0.05128205128205128,0.9487179487179487,0.0
Cargo,cargo/20171214e-104/213748.wav,49,1.0,1.0,0.0,1.0,0.0
Cargo,cargo/20171214f-105/215513.wav,92,0.7065217391304348,0.717391304347826,0.2826086956521739,0.7065217391304348,0.0
Cargo,cargo/20171215-106/014609.wav,67,0.5671641791044776,0.6119402985074627,0.208955223880597,0.5671641791044776,0.1044776119402985
Cargo,cargo/20171215b-108/114505.wav,72,0.9166666666666666,0.9166666666666666,0.06944444444444445,0.9166666666666666,0.0
Cargo,cargo/20171215e-111/214529.wav,41,0.975609756097561,0.975609756097561,0.0,0.975609756097561,0.0
Tanker,tanker/20160509-1/123109.wav,55,0.9818181818181818,0.9818181818181818,0.9818181818181818,0.01818181818181818,0.0
Tanker,tanker/20160511-2/2.wav,30,0.9666666666666667,0.9666666666666667,0.9666666666666667,0.03333333333333333,0.0
Tanker,tanker/20160515-3/020119.wav,76,0.9868421052631579,0.9868421052631579,0.9868421052631579,0.013157894736842105,0.0
Tanker,tanker/20160516-4/134837.wav,55,0.7272727272727273,0.7272727272727273,0.7272727272727273,0.2545454545454545,0.0
Tanker,tanker/20160519-5/5.wav,9,1.0,1.0,1.0,0.0,0.0
Tanker,tanker/20160526-6/6.wav,34,1.0,1.0,1.0,0.0,0.0
Tanker,tanker/20160531-7/142749.wav,100,0.96,0.96,0.96,0.03,0.01
Tanker,tanker/20160601-8/8.wav,8,1.0,1.0,1.0,0.0,0.0
Tanker,tanker/20160602-9/9.wav,3,1.0,1.0,1.0,0.0,0.0
Tanker,tanker/20160604-11/171238.wav,74,0.7702702702702703,0.8108108108108109,0.7702702702702703,0.16216216216216217,0.06756756756756757
Tanker,tanker/20160613-13/13.wav,31,1.0,1.0,1.0,0.0,0.0
Tanker,tanker/20160615-14/14.wav,5,1.0,1.0,1.0,0.0,0.0
Tanker,tanker/20160617-16/225229.wav,101,0.9405940594059405,0.9405940594059405,0.9405940594059405,0.0594059405940594,0.0
Tanker,tanker/20160619a-18/18.wav,13,1.0,1.0,1.0,0.0,0.0
Tanker,tanker/20160625-19/19.wav,2,1.0,1.0,1.0,0.0,0.0
Tanker,tanker/20160702-20/20.wav,20,1.0,1.0,1.0,0.0,0.0
Tanker,tanker/20160703-21/21.wav,3,1.0,1.0,1.0,0.0,0.0
Tanker,tanker/20160704-22/111311.wav,81,0.9135802469135802,0.9259259259259259,0.9135802469135802,0.06172839506172839,0.0
Tanker,tanker/20160710-23/104049.wav,74,0.9864864864864865,0.9864864864864865,0.9864864864864865,0.013513513513513514,0.0
Tanker,tanker/20160714-25/111759.wav,102,0.8333333333333334,0.8333333333333334,0.8333333333333334,0.16666666666666666,0.0
Tanker,tanker/20160724-27/025459.wav,70,0.9857142857142858,0.9857142857142858,0.9857142857142858,0.014285714285714285,0.0
Tanker,tanker/20160808-28/203415.wav,78,1.0,1.0,1.0,0.0,0.0
Tanker,tanker/20160810-29/29.wav,21,1.0,1.0,1.0,0.0,0.0
Tanker,tanker/20160810a-30/30.wav,6,1.0,1.0,1.0,0.0,0.0
Tanker,tanker/20160823-31/041452.wav,61,0.9180327868852459,0.9180327868852459,0.9180327868852459,0.08196721311475409,0.0
Tanker,tanker/20160829-32/32.wav,7,1.0,1.0,1.0,0.0,0.0
Tanker,tanker/20160831-33/33.wav,3,1.0,1.0,1.0,0.0,0.0
Tanker,tanker/20160906-35/35.wav,3,1.0,1.0,1.0,0.0,0.0
Tanker,tanker/20160924-38/38.wav,34,0.9705882352941176,0.9705882352941176,0.9705882352941176,0.029411764705882353,0.0
Tanker,tanker/20160927-39/39.wav,25,0.88,0.96,0.88,0.04,0.04
Tanker,tanker/20161009-42/42.wav,14,1.0,1.0,1.0,0.0,0.0
Tanker,tanker/20161021-43/43.wav,5,1.0,1.0,1.0,0.0,0.0
Tanker,tanker/20161022-44/030503.wav,41,0.926829268292683,0.926829268292683,0.926829268292683,0.07317073170731707,0.0
Tanker,tanker/20161024-45/061514.wav,49,1.0,1.0,1.0,0.0,0.0
Tanker,tanker/20161027-46/145435.wav,69,0.927536231884058,0.9420289855072463,0.927536231884058,0.057971014492753624,0.014492753623188406
Tanker,tanker/20161030-47/47.wav,4,1.0,1.0,1.0,0.0,0.0
Tanker,tanker/20161101-48/48.wav,7,1.0,1.0,1.0,0.0,0.0
Tanker,tanker/20161101a-49/49.wav,7,1.0,1.0,1.0,0.0,0.0
Tanker,tanker/20161110-52/005212.wav,8,1.0,1.0,1.0,0.0,0.0
Tanker,tanker/20161113-237/174452.wav,57,0.7192982456140351,0.7543859649122807,0.7192982456140351,0.22807017543859648,0.03508771929824561
Tanker,tanker/20161113a-53/212239.wav,6,1.0,1.0,1.0,0.0,0.0
Tanker,tanker/20161121-54/094048.wav,12,0.9166666666666666,0.9166666666666666,0.9166666666666666,0.08333333333333333,0.0
Tanker,tanker/20161124-56/095256.wav,17,0.8823529411764706,0.9411764705882353,0.8823529411764706,0.058823529411764705,0.058823529411764705
Tanker,tanker/20161128-58/005608.wav,88,0.8522727272727273,0.8522727272727273,0.8522727272727273,0.14772727272727273,0.0
Tanker,tanker/20161206-59/221722.wav,12,1.0,1.0,1.0,0.0,0.0
Tanker,tanker/20161208-61/135535.wav,5,1.0,1.0,1.0,0.0,0.0
Tanker,tanker/20161208a-62/200744.wav,5,1.0,1.0,1.0,0.0,0.0
Tanker,tanker/20161211-63/204245.wav,72,1.0,1.0,1.0,0.0,0.0
Tanker,tanker/20161215-64/025503.wav,2,1.0,1.0,1.0,0.0,0.0
Tanker,tanker/20161218-65/134000.wav,98,0.8163265306122449,0.826530612244898,0.8163265306122449,0.17346938775510204,0.0
Tanker,tanker/20161226-66/123224.wav,1,1.0,1.0,1.0,0.0,0.0
Tanker,tanker/20161227-67/034311.wav,4,1.0,1.0,1.0,0.0,0.0
Tanker,tanker/20170102-68/001752.wav,24,0.5416666666666666,0.5416666666666666,0.5416666666666666,0.4166666666666667,0.0
Tanker,tanker/20170119-69/153739.wav,8,1.0,1.0,1.0,0.0,0.0
Tanker,tanker/20170120-70/070941.wav,70,0.9571428571428572,0.9571428571428572,0.9571428571428572,0.04285714285714286,0.0
Tanker,tanker/20170121-71/234906.wav,1,1.0,1.0,1.0,0.0,0.0
Tanker,tanker/20170122a-73/032130.wav,3,1.0,1.0,1.0,0.0,0.0
Tanker,tanker/20170124-75/085359.wav,112,0.9553571428571429,0.9553571428571429,0.9553571428571429,0.026785714285714284,0.008928571428571428
Tanker,tanker/20170205-78/163939.wav,8,1.0,1.0,1.0,0.0,0.0
Tanker,tanker/20170216-81/035911.wav,106,0.8301886792452831,0.8490566037735849,0.8301886792452831,0.1509433962264151,0.009433962264150943
Tanker,tanker/20170301-84/230755.wav,47,0.9148936170212766,0.9148936170212766,0.9148936170212766,0.0851063829787234,0.0
Tanker,tanker/20170317-86/072019.wav,56,0.875,0.875,0.875,0.10714285714285714,0.017857142857142856
Tanker,tanker/20170326a-88/203852.wav,4,1.0,1.0,1.0,0.0,0.0
Tanker,tanker/20170326b-89/231111.wav,48,0.9791666666666666,0.9791666666666666,0.9791666666666666,0.020833333333333332,0.0
Tanker,tanker/20170403-92/044833.wav,6,1.0,1.0,1.0,0.0,0.0
Tanker,tanker/20170403a-93/102955.wav,35,0.9714285714285714,0.9714285714285714,0.9714285714285714,0.02857142857142857,0.0
Tanker,tanker/20170412-96/114857.wav,3,1.0,1.0,1.0,0.0,0.0
Tanker,tanker/20170413-97/112445.wav,9,1.0,1.0,1.0,0.0,0.0
Tanker,tanker/20170419-98/021347.wav,66,1.0,1.0,1.0,0.0,0.0
Tanker,tanker/20170421-100/010738.wav,74,0.9594594594594594,0.9864864864864865,0.9594594594594594,0.013513513513513514,0.013513513513513514
Tanker,tanker/20170421a-101/064626.wav,39,1.0,1.0,1.0,0.0,0.0
Tanker,tanker/20170509-104/105420.wav,103,0.9223300970873787,0.9223300970873787,0.9223300970873787,0.07766990291262135,0.0
Tanker,tanker/20170510-105/041848.wav,65,0.8,0.8153846153846154,0.8,0.18461538461538463,0.015384615384615385
Tanker,tanker/20170511-106/050253.wav,44,0.9772727272727273,0.9772727272727273,0.9772727272727273,0.022727272727272728,0.0
Tanker,tanker/20170525-109/111532.wav,3,1.0,1.0,1.0,0.0,0.0
Tanker,tanker/20170529-110/124845.wav,88,0.6590909090909091,0.6590909090909091,0.6590909090909091,0.2840909090909091,0.045454545454545456
Tanker,tanker/20170530-111/004426.wav,8,1.0,1.0,1.0,0.0,0.0
Tanker,tanker/20170605-112/143212.wav,84,0.9047619047619048,0.9047619047619048,0.9047619047619048,0.09523809523809523,0.0
Tanker,tanker/20170608-113/234244.wav,8,1.0,1.0,1.0,0.0,0.0
Tanker,tanker/20170621-116/221235.wav,5,1.0,1.0,1.0,0.0,0.0
Tanker,tanker/20170623-117/232502.wav,17,1.0,1.0,1.0,0.0,0.0
Tanker,tanker/20170625-118/180527.wav,18,0.9444444444444444,0.9444444444444444,0.9444444444444444,0.05555555555555555,0.0
Tanker,tanker/20170627-119/111336.wav,103,0.9902912621359223,0.9902912621359223,0.9902912621359223,0.009708737864077669,0.0
Tanker,tanker/20170629-120/215813.wav,68,0.9705882352941176,0.9705882352941176,0.9705882352941176,0.029411764705882353,0.0
Tanker,tanker/20170630-121/210742.wav,4,1.0,1.0,1.0,0.0,0.0
Tanker,tanker/20170704-122/145807.wav,68,0.9705882352941176,0.9705882352941176,0.9705882352941176,0.029411764705882353,0.0
Tanker,tanker/20170705-123/030515.wav,72,0.9722222222222222,0.9722222222222222,0.9722222222222222,0.027777777777777776,0.0
Tanker,tanker/20170711-124/000454.wav,1,1.0,1.0,1.0,0.0,0.0
Tanker,tanker/20170711a-239/191933.wav,111,0.9459459459459459,0.9459459459459459,0.9459459459459459,0.05405405405405406,0.0
Tanker,tanker/20170712a-126/015656.wav,9,1.0,1.0,1.0,0.0,0.0
Tanker,tanker/20170720-127/064114.wav,3,1.0,1.0,1.0,0.0,0.0
Tanker,tanker/20170723-238/052014.wav,15,1.0,1.0,1.0,0.0,0.0
Tanker,tanker/20170818-132/060518.wav,12,1.0,1.0,1.0,0.0,0.0
Tanker,tanker/20170822-133/172736.wav,83,1.0,1.0,1.0,0.0,0.0
Tanker,tanker/20170824-134/194518.wav,4,1.0,1.0,1.0,0.0,0.0
Tanker,tanker/20170826-135/005931.wav,13,0.8461538461538461,0.8461538461538461,0.8461538461538461,0.15384615384615385,0.0
Tanker,tanker/20170828-136/215454.wav,82,0.975609756097561,0.975609756097561,0.975609756097561,0.0,0.012195121951219513
Tanker,tanker/20170920-139/232910.wav,30,1.0,1.0,1.0,0.0,0.0
Tanker,tanker/20171008-141/053342.wav,17,0.9411764705882353,0.9411764705882353,0.9411764705882353,0.058823529411764705,0.0
Tanker,tanker/20171013-142/115050.wav,79,0.6582278481012658,0.6962025316455697,0.6582278481012658,0.3037974683544304,0.02531645569620253
Tanker,tanker/20171014-143/115751.wav,8,0.5,0.5,0.5,0.5,0.0
Tanker,tanker/20171015-144/090640.wav,13,0.9230769230769231,0.9230769230769231,0.9230769230769231,0.07692307692307693,0.0
Tanker,tanker/20171023-145/214849.wav,9,1.0,1.0,1.0,0.0,0.0
Tanker,tanker/20171024-146/085126.wav,3,1.0,1.0,1.0,0.0,0.0
Tanker,tanker/20171121-151/180451.wav,3,1.0,1.0,1.0,0.0,0.0
Tanker,tanker/20171126a-153/090000.wav,4,1.0,1.0,1.0,0.0,0.0
Tanker,tanker/20171127-154/162141.wav,2,1.0,1.0,1.0,0.0,0.0
Tanker,tanker/20171207-157/150539.wav,74,0.9864864864864865,0.9864864864864865,0.9864864864864865,0.013513513513513514,0.0
Tanker,tanker/20171208-158/193936.wav,81,0.7283950617283951,0.7283950617283951,0.7283950617283951,0.2345679012345679,0.037037037037037035
Tanker,tanker/20171216-159/160715.wav,63,0.9841269841269841,0.9841269841269841,0.9841269841269841,0.015873015873015872,0.0
Tanker,tanker/20171220-240/222041.wav,1,1.0,1.0,1.0,0.0,0.0
Tanker,tanker/20171222a-161/152008.wav,5,1.0,1.0,1.0,0.0,0.0
Tanker,tanker/20171223-162/150450.wav,99,0.98989898989899,0.98989898989899,0.98989898989899,0.010101010101010102,0.0
Tanker,tanker/20171230-163/032310.wav,1,1.0,1.0,1.0,0.0,0.0
Tanker,tanker/20171230a-164/195035.wav,55,1.0,1.0,1.0,0.0,0.0
Tanker,tanker/20180117-166/054518.wav,6,1.0,1.0,1.0,0.0,0.0
Tanker,tanker/20180120-169/125003.wav,110,0.6727272727272727,0.7,0.6727272727272727,0.14545454545454545,0.02727272727272727
Tanker,tanker/20180120a-170/211000.wav,2,1.0,1.0,1.0,0.0,0.0
Tanker,tanker/20180121-171/222956.wav,70,0.8714285714285714,0.8714285714285714,0.8714285714285714,0.08571428571428572,0.0
Tanker,tanker/20180129-172/025531.wav,74,0.5675675675675675,0.6081081081081081,0.5675675675675675,0.33783783783783783,0.05405405405405406
Tanker,tanker/20180130-173/054907.wav,9,0.7777777777777778,0.7777777777777778,0.7777777777777778,0.2222222222222222,0.0
Tanker,tanker/20180206-175/104114.wav,17,0.9411764705882353,0.9411764705882353,0.9411764705882353,0.058823529411764705,0.0
Tanker,tanker/20180206a-176/131726.wav,26,1.0,1.0,1.0,0.0,0.0
Tanker,tanker/20180208-177/234708.wav,4,1.0,1.0,1.0,0.0,0.0
Tanker,tanker/20180221-179/020619.wav,76,0.9473684210526315,0.9473684210526315,0.9473684210526315,0.05263157894736842,0.0
Tanker,tanker/20180226-180/033811.wav,47,0.7872340425531915,0.8297872340425532,0.7872340425531915,0.1276595744680851,0.0425531914893617
Tanker,tanker/20180311-182/212409.wav,61,0.8360655737704918,0.8360655737704918,0.8360655737704918,0.16393442622950818,0.0
Tanker,tanker/20180314-183/155725.wav,48,1.0,1.0,1.0,0.0,0.0
Tanker,tanker/20180316a-186/174010.wav,31,0.967741935483871,0.967741935483871,0.967741935483871,0.03225806451612903,0.0
Tanker,tanker/20180402-187/060415.wav,70,0.9857142857142858,0.9857142857142858,0.9857142857142858,0.014285714285714285,0.0
Tanker,tanker/20180405-188/025825.wav,14,1.0,1.0,1.0,0.0,0.0
Tanker,tanker/20180411-189/081047.wav,2,1.0,1.0,1.0,0.0,0.0
Tanker,tanker/20180411a-190/193519.wav,50,0.96,0.96,0.96,0.02,0.0
Tanker,tanker/20180413-191/212814.wav,2,1.0,1.0,1.0,0.0,0.0
Tanker,tanker/20180418-193/004704.wav,88,0.9545454545454546,0.9545454545454546,0.9545454545454546,0.03409090909090909,0.011363636363636364
Tanker,tanker/20180421-194/025328.wav,139,0.8920863309352518,0.8992805755395683,0.8920863309352518,0.05755395683453238,0.03597122302158273
Tanker,tanker/20180422-195/171202.wav,4,1.0,1.0,1.0,0.0,0.0
Tanker,tanker/20180422a-196/171529.wav,6,1.0,1.0,1.0,0.0,0.0
Tanker,tanker/20180422b-197/171240.wav,1,1.0,1.0,1.0,0.0,0.0
Tanker,tanker/20180423-198/063301.wav,6,1.0,1.0,1.0,0.0,0.0
Tanker,tanker/20180430-200/033225.wav,50,0.98,0.98,0.98,0.02,0.0
Tanker,tanker/20180507-202/212341.wav,108,0.9814814814814815,0.9814814814814815,0.9814814814814815,0.018518518518518517,0.0
Tanker,tanker/20180508-203/232237.wav,5,1.0,1.0,1.0,0.0,0.0
Tanker,tanker/20180509-204/124919.wav,9,1.0,1.0,1.0,0.0,0.0
Tanker,tanker/20180510-205/062026.wav,63,0.8412698412698413,0.8571428571428571,0.8412698412698413,0.06349206349206349,0.015873015873015872
Tanker,tanker/20180515-206/031557.wav,47,0.851063829787234,0.8723404255319149,0.851063829787234,0.1276595744680851,0.02127659574468085
Tanker,tanker/20180515a-207/224627.wav,13,1.0,1.0,1.0,0.0,0.0
Tanker,tanker/20180519-208/103407.wav,36,0.9444444444444444,0.9444444444444444,0.9444444444444444,0.0,0.027777777777777776
Tanker,tanker/20180520-209/130618.wav,4,1.0,1.0,1.0,0.0,0.0
Tanker,tanker/20180523-210/171217.wav,9,1.0,1.0,1.0,0.0,0.0
Tanker,tanker/20180529-211/093622.wav,31,1.0,1.0,1.0,0.0,0.0
Tanker,tanker/20180602-212/172529.wav,74,0.9864864864864865,0.9864864864864865,0.9864864864864865,0.013513513513513514,0.0
Tanker,tanker/20180607-214/124208.wav,2,1.0,1.0,1.0,0.0,0.0
Tanker,tanker/20180610-215/135143.wav,61,0.9344262295081968,0.9344262295081968,0.9344262295081968,0.06557377049180328,0.0
Tanker,tanker/20180616-218/225427.wav,10,1.0,1.0,1.0,0.0,0.0
Tanker,tanker/20180630-221/173807.wav,6,1.0,1.0,1.0,0.0,0.0
Tanker,tanker/20180702-222/172918.wav,103,0.912621359223301,0.912621359223301,0.912621359223301,0.06796116504854369,0.019417475728155338
Tanker,tanker/20180703-223/143323.wav,92,0.9891304347826086,0.9891304347826086,0.9891304347826086,0.010869565217391304,0.0
Tanker,tanker/20180705-224/144030.wav,70,0.9857142857142858,0.9857142857142858,0.9857142857142858,0.014285714285714285,0.0
Tanker,tanker/20180710-225/065625.wav,9,1.0,1.0,1.0,0.0,0.0
Tanker,tanker/20180725-227/013354.wav,100,0.82,0.83,0.82,0.16,0.01
Tanker,tanker/20180725a-228/222512.wav,70,0.8,0.8142857142857143,0.8,0.18571428571428572,0.014285714285714285
Tanker,tanker/20180725b-229/233127.wav,13,1.0,1.0,1.0,0.0,0.0
Tanker,tanker/20180821-230/005202.wav,70,0.8285714285714286,0.8428571428571429,0.8285714285714286,0.15714285714285714,0.014285714285714285
Tanker,tanker/20180826-232/010604.wav,5,1.0,1.0,1.0,0.0,0.0
Tanker,tanker/20180904-233/183908.wav,3,1.0,1.0,1.0,0.0,0.0
Tanker,tanker/20180914-234/024440.wav,4,1.0,1.0,1.0,0.0,0.0
Tug,tug/20171104-1/200959.wav,127,0.9921259842519685,0.9921259842519685,0.0,0.007874015748031496,0.0
Tug,tug/20171105b-3/231504.wav,131,0.9847328244274809,0.9847328244274809,0.0,0.015267175572519083,0.0
Tug,tug/20171106-4/144640.wav,206,1.0,1.0,0.0,0.0,0.0
Tug,tug/20171111-7/025236.wav,77,1.0,1.0,0.0,0.0,0.0
Tug,tug/20171114-8/072235.wav,120,1.0,1.0,0.0,0.0,0.0
Tug,tug/20171115-9/9.wav,40,1.0,1.0,0.0,0.0,0.0
Tug,tug/20171116-10/065145.wav,106,0.9716981132075472,0.9811320754716981,0.0,0.018867924528301886,0.009433962264150943
Tug,tug/20171118-12/082934.wav,186,1.0,1.0,0.0,0.0,0.0
Tug,tug/20171118a-13/141340.wav,130,1.0,1.0,0.0,0.0,0.0
Tug,tug/20171118b-14/161506.wav,162,0.9876543209876543,0.9876543209876543,0.012345679012345678,0.0,0.0
Tug,tug/20171118c-15/185844.wav,80,1.0,1.0,0.0,0.0,0.0
Tug,tug/20171120-17/034014.wav,146,1.0,1.0,0.0,0.0,0.0
Tug,tug/20171120a-18/054508.wav,78,0.6794871794871795,0.717948717948718,0.1794871794871795,0.02564102564102564,0.11538461538461539
Tug,tug/20171121-19/101117.wav,210,0.9380952380952381,0.9380952380952381,0.014285714285714285,0.04285714285714286,0.004761904761904762
Tug,tug/20171122a-20/124609.wav,143,1.0,1.0,0.0,0.0,0.0
Tug,tug/20171124-22/012051.wav,126,0.9603174603174603,0.9603174603174603,0.0,0.03968253968253968,0.0
Tug,tug/20171127-23/065148.wav,58,1.0,1.0,0.0,0.0,0.0
Tug,tug/20171127a-24/105442.wav,350,0.9857142857142858,0.9857142857142858,0.0,0.014285714285714285,0.0
Tug,tug/20171128-25/052238.wav,184,0.9891304347826086,0.9891304347826086,0.0,0.005434782608695652,0.005434782608695652
Tug,tug/20171128b-27/120847.wav,103,1.0,1.0,0.0,0.0,0.0
Tug,tug/20171128d-29/193239.wav,46,1.0,1.0,0.0,0.0,0.0
Tug,tug/20171129-30/011700.wav,115,0.8608695652173913,0.8608695652173913,0.0,0.1391304347826087,0.0
Tug,tug/20171201-32/024235.wav,101,1.0,1.0,0.0,0.0,0.0
Tug,tug/20171201b-33/082249.wav,122,1.0,1.0,0.0,0.0,0.0
Tug,tug/20171201c-34/123228.wav,106,1.0,1.0,0.0,0.0,0.0
Tug,tug/20171201d-35/125826.wav,130,1.0,1.0,0.0,0.0,0.0
Tug,tug/20171201e-36/190230.wav,132,0.9924242424242424,0.9924242424242424,0.0,0.007575757575757576,0.0
Tug,tug/20171202-37/071515.wav,71,0.9859154929577465,0.9859154929577465,0.0,0.014084507042253521,0.0
Tug,tug/20171202a-38/145149.wav,154,0.9935064935064936,1.0,0.0,0.0,0.006493506493506494
Tug,tug/20171203-39/032822.wav,144,1.0,1.0,0.0,0.0,0.0
Tug,tug/20171203a-40/40.wav,40,1.0,1.0,0.0,0.0,0.0
Tug,tug/20171203c-41/194116.wav,122,1.0,1.0,0.0,0.0,0.0
Tug,tug/20171204-42/034437.wav,62,1.0,1.0,0.0,0.0,0.0
Tug,tug/20171205-44/145246.wav,80,0.9875,0.9875,0.0,0.0125,0.0
Tug,tug/20171207-45/004027.wav,65,0.9846153846153847,1.0,0.0,0.0,0.015384615384615385
Tug,tug/20171207b-47/114556.wav,147,1.0,1.0,0.0,0.0,0.0
Tug,tug/20171209-48/041322.wav,114,0.9912280701754386,0.9912280701754386,0.0,0.0,0.0
Tug,tug/20171212a-50/094549.wav,69,1.0,1.0,0.0,0.0,0.0
Tug,tug/20171213-51/065742.wav,172,1.0,1.0,0.0,0.0,0.0
Tug,tug/20171213a-52/071716.wav,172,0.936046511627907,0.936046511627907,0.0,0.046511627906976744,0.01744186046511628
Tug,tug/20171215a-55/103412.wav,67,1.0,1.0,0.0,0.0,0.0
Tug,tug/20171215e-56/170639.wav,52,1.0,1.0,0.0,0.0,0.0
Tug,tug/20171219a-60/210546.wav,157,1.0,1.0,0.0,0.0,0.0
Tug,tug/20171221a-62/144544.wav,92,0.9891304347826086,0.9891304347826086,0.0,0.010869565217391304,0.0
Tug,tug/20171223b-63/233721.wav,53,1.0,1.0,0.0,0.0,0.0
Tug,tug/20171227a-66/110853.wav,128,0.9140625,0.9296875,0.0546875,0.015625,0.015625
Tug,tug/20171229a-67/195709.wav,74,1.0,1.0,0.0,0.0,0.0
Tug,tug/20171231a-70/215301.wav,109,0.9724770642201835,0.9724770642201835,0.0,0.0,0.027522935779816515
